{
    "accuracy": 0.7180722891566265,
    "precision": 0.7969613259668509,
    "recall": 0.5684729064039409,
    "auc": 0.8088377172599683,
    "step": 0
}
